id_treatment,id_inoc,id_faeces,wet_weight_0dpi,wet_weight_14dpi,dry_weight_14dpi,ecoli_concentration_14dpi,enterococcus_concentration_14dpi,total_plate_count_concentration_14dpi,ph_14dpi,ph_0dpi,water_content_0dpi_mean,ecoli_concentration_0dpi_mean,enterococcus_concentration_0dpi_mean,total_plate_count_concentration_0dpi_mean,species,area_size_0dpi,area_size_2dpi,area_size_3dpi,area_size_6dpi,area_size_7dpi,area_size_8dpi,area_size_9dpi,area_size_10dpi,area_size_13dpi,area_size_14dpi,area_size_1dpi,area_size_5dpi,area_size_12dpi,max_contamination_area,contamination_auc,any_contamination,any_reproductive_structures,growth_description,dry_weight_0dpi,ecoli_log_change,enterococcus_log_change,total_plate_count_log_change
1,1,1,15.529999999999998,15.149999999999999,7.00159362549801,0,0,0,5.18,6.38,0.5541251225814381,445626.220633504,384329.03115418943,16545354.771781035,ctrl,0,0,0,0,0,0,0,0,0,0,NA,NA,NA,0,0,FALSE,FALSE,0,6.9244368463102655,-5.648971711361942,-5.584704321115345,-7.218676110151666
2,1,1,15.809999999999999,15.48,6.952095808383233,0,0,39.603960396039604,5.27,6.38,0.5541251225814381,445626.220633504,384329.03115418943,16545354.771781035,ctrl,0,0,0,0,0,0,0,0,0,0,NA,NA,NA,0,0,FALSE,FALSE,0,7.049281811987464,-5.648971711361942,-5.584704321115345,-5.610107714646824
3,1,1,15.43,14.61,6.729454545454546,0,178899.08256880732,155963302.75229356,8.53,6.38,0.5541251225814381,445626.220633504,384329.03115418943,16545354.771781035,ctrl,0,0,0,0,0,0,0,0,0,0,NA,NA,NA,39.09,187.51500000000001,TRUE,FALSE,0,6.87984935856841,-5.648971711361942,-0.33209378010543933,0.9743463160705783
4,2,1,15.82,15.39,6.9423952095808374,169724.77064220182,1275229.357798165,174311926.60550457,6.18,6.38,0.5541251225814381,445626.220633504,384329.03115418943,16545354.771781035,P. ostreatus MG1015,0,0.94,1.04,1.51,2.31,3.79,5.4,8.37,21.12,28.24,NA,NA,NA,0,0,FALSE,FALSE,5,7.05374056076165,-0.4192239220909535,0.5208843217598522,1.0226509953520182
5,2,1,15.77,14.989999999999998,6.612355289421157,6391752577.319588,124742268.04123712,26804123711.340206,8.61,6.38,0.5541251225814381,445626.220633504,384329.03115418943,16545354.771781035,P. ostreatus MG1015,0,0.84,2.5,1.96,1.91,1.92,1.83,1.83,1.48,1.48,NA,NA,NA,58.73,616.5,TRUE,FALSE,4,7.031446816890721,4.156648243938013,2.5113093184163935,3.2095255035691093
6,2,1,15.380000000000003,14.8,6.3009900990099,6470588235.294118,148039215.6862745,17156862745.09804,8.72,6.38,0.5541251225814381,445626.220633504,384329.03115418943,16545354.771781035,P. ostreatus MG1015,0,1.15,1.123,1.96,1.96,1.96,1.96,1.96,1.96,1.96,NA,NA,NA,58.22,609.925,TRUE,FALSE,4,6.857555614697484,4.161972052485127,2.5856724573495518,3.0157617667980237
7,3,1,15.66,15.23,6.947549800796813,0,0,0,5.36,6.38,0.5541251225814381,445626.220633504,384329.03115418943,16545354.771781035,P. ostreatus MG1010,0,0,0,0,0,0,0,0,0,0,NA,NA,NA,0,0,FALSE,FALSE,0,6.982400580374679,-5.648971711361942,-5.584704321115345,-7.218676110151666
8,3,1,15.68,15.29,6.886567460317459,0,0,0,6.72,6.38,0.5541251225814381,445626.220633504,384329.03115418943,16545354.771781035,P. ostreatus MG1010,0,0.67,0.78,1.15,1.83,2.7,4.04,6.17,18.23,23,NA,NA,NA,7.25,26.405,TRUE,FALSE,5,6.991318077923051,-5.648971711361942,-5.584704321115345,-7.218676110151666
9,3,1,15.33,14.92,6.842101010101009,99107142.85714285,4464.285714285714,1044642857.1428571,8.15,6.38,0.5541251225814381,445626.220633504,384329.03115418943,16545354.771781035,P. ostreatus MG1010,0,0,0,0,0,0,0,0,0,0,NA,NA,NA,11.56,81.1,TRUE,FALSE,0,6.835261870826554,2.347133249136604,-1.9348550683795152,1.8002917293400493
10,4,1,15.679999999999998,14.78,6.707389558232933,0,0,18.018018018018015,5.91,6.38,0.5541251225814381,445626.220633504,384329.03115418943,16545354.771781035,G. lucidum,0,1.46,2.33,8.98,12.24,16.58,21.62,30.36,57.25,60.56,NA,NA,NA,0,0,FALSE,FALSE,4,6.99131807792305,-5.648971711361942,-5.584704321115345,-5.939510855630667
11,4,1,15.880000000000003,15.490000000000002,6.932158415841586,0,0,0,5.93,6.38,0.5541251225814381,445626.220633504,384329.03115418943,16545354.771781035,G. lucidum,0,1.5,2.28,9.24,12.66,17.08,22.42,31.37,59.42,60.86,NA,NA,NA,0,0,FALSE,FALSE,4,7.080493053406764,-5.648971711361942,-5.584704321115345,-7.218676110151666
12,4,1,15.84,15.48,6.719513184584178,0,0,0,5.96,6.38,0.5541251225814381,445626.220633504,384329.03115418943,16545354.771781035,G. lucidum,0,1.34,2.2,8.45,11.6,15.59,20.22,28.03,56.59,61.2,NA,NA,NA,0,0,FALSE,FALSE,4,7.062658058310021,-5.648971711361942,-5.584704321115345,-7.218676110151666
13,5,1,15.579999999999998,14.27,6.379529411764705,3489583333.3333335,71875000,3854166666.666667,8.93,6.38,0.5541251225814381,445626.220633504,384329.03115418943,16545354.771781035,S. fimicola F35,0,28.57,58.42,59.95,59.95,59.95,59.95,59.95,59.95,59.95,NA,NA,NA,0,0,FALSE,TRUE,3,6.946730590181194,3.8938018627597897,2.271873542624699,2.3672543809884434
14,5,1,16.01,15.310000000000002,6.743690476190477,6478260869.565218,69130434.7826087,6521739130.434783,8.97,6.38,0.5541251225814381,445626.220633504,384329.03115418943,16545354.771781035,S. fimicola F35,0,36,57.67,59.06,59.06,59.06,59.06,59.06,59.06,59.06,NA,NA,NA,0,0,FALSE,TRUE,3,7.138456787471177,4.162486721099778,2.25496497346976,2.5956873129530145
15,5,1,15.879999999999999,15.27,6.432637795275591,3750000000,119230769.23076923,8173076923.076922,9.03,6.38,0.5541251225814381,445626.220633504,384329.03115418943,16545354.771781035,S. fimicola F35,0,32.4,57.89,59.84,59.84,59.84,59.84,59.84,59.84,59.84,NA,NA,NA,0,0,FALSE,TRUE,3,7.080493053406762,3.925059556481588,2.491684028390579,2.693709476316984
16,6,1,15.77,14.849999999999998,6.609880239520957,4687500000,112946428.57142857,40178571428.57143,8.67,6.38,0.5541251225814381,445626.220633504,384329.03115418943,16545354.771781035,T. harzianum T22,0,2.38,6.95,30.49,42.02,47.47,47.47,46.01,44.55,44.55,NA,NA,NA,1.1,9.57,TRUE,TRUE,1,7.031446816890721,4.021969569466482,2.4681681855714475,3.3853183809643053
17,6,1,15.79,15.130000000000003,6.79491017964072,11326530612.244898,149489795.91836736,12448979591.836735,8.87,6.38,0.5541251225814381,445626.220633504,384329.03115418943,16545354.771781035,T. harzianum T22,0,2.9,7.88,31.8,44.4,50.48,50.13,49.09,49.01,48.32,NA,NA,NA,0,0,FALSE,TRUE,1,7.040364314439092,4.405125191770563,2.5899072307874667,2.8764576448654733
18,6,1,15.66,15.029999999999998,6.387749999999998,10000000000,97727272.72727272,24545454545.454544,8.84,6.38,0.5541251225814381,445626.220633504,384329.03115418943,16545354.771781035,T. harzianum T22,0,2.76,7.62,32.39,45.25,50.65,50.25,49.53,48.54,48.54,NA,NA,NA,0,0,FALSE,TRUE,2,6.982400580374679,4.351028288681488,2.405311462421997,3.171294968866789
22,8,2,15.84,14.970000000000002,6.230118343195266,9838709677.419353,126344086.02150537,15430107526.88172,8.94,6.44,0.5546022981322277,6569243.462807819,200373.40272488788,246047272.9965304,ctrl,0,0,NA,0,0,0,0,NA,0,0,0,0,0,59.51,637.015,TRUE,FALSE,0,7.055099597585513,3.175422721887558,2.7997126806701083,1.7973503947767338
23,8,2,15.890000000000002,15.410000000000002,6.743782178217821,0,0,0,5.18,6.44,0.5546022981322277,6569243.462807819,200373.40272488788,246047272.9965304,ctrl,0,0,NA,0,0,0,0,NA,0,0,0,0,0,0,0,FALSE,FALSE,0,7.077369482678902,-6.817515423669097,-5.301842240821106,-8.391018557767488
24,8,2,15.98,15.23,6.451392649903289,3461538461.538461,107692307.6923077,3653846153.8461537,8.97,6.44,0.5546022981322277,6569243.462807819,200373.40272488788,246047272.9965304,ctrl,0,0,NA,0,0,0,0,NA,0,0,0,0,0,59.72,624.9399999999999,TRUE,FALSE,0,7.117455275847001,2.721753737924872,2.7303424465830304,1.171731699669401
25,9,2,15.820000000000002,15.360000000000001,6.7352380952380955,69444444.44444443,2592592.5925925924,87500000,6.41,6.44,0.5546022981322277,6569243.462807819,200373.40272488788,246047272.9965304,P. ostreatus MG1015,0,1.2,NA,4.02,6,8.32,11.45,NA,22.05,28.75,1,2.74,17.02,0,0,FALSE,FALSE,5,7.046191643548158,1.0241220904894934,1.1118922025477174,-0.4490104997818092
26,9,2,15.520000000000001,15.180000000000001,6.430631364562118,132352941.1764706,37254901.960784316,1372549019.6078432,5.78,6.44,0.5546022981322277,6569243.462807819,200373.40272488788,246047272.9965304,P. ostreatus MG1015,0,0.95,NA,2.99,4.49,6.68,8.73,NA,9.53,9.53,0.81,1.92,9.53,3.29,19.625,TRUE,FALSE,5,6.912572332987827,1.3042181763453273,2.2693411956911644,0.7465093064652475
27,9,2,15.75,15.370000000000001,6.543663366336634,109090909.09090908,35909090.90909091,3454545454.5454545,6.67,6.44,0.5546022981322277,6569243.462807819,200373.40272488788,246047272.9965304,P. ostreatus MG1015,0,1.16,NA,4.77,6.61,8.25,9.71,NA,10.53,10.53,0.99,3.14,10.53,0,0,FALSE,FALSE,5,7.015013804417413,1.2202731412013348,2.253362181741406,1.147372353816813
28,10,2,15.56,14.81,6.000858283433133,11767676767.676767,133838383.83838384,4747474747.474748,8.87,6.44,0.5546022981322277,6569243.462807819,200373.40272488788,246047272.9965304,P. ostreatus MG1010,0,0,NA,0,0,0,0,NA,0,0,0,0,0,60.25,633.965,TRUE,FALSE,0,6.930388241062537,3.253175307132296,2.8247384460990883,1.2854441056621582
29,10,2,15.44,15.17,6.449520958083834,38571428.57142857,77142857.14285713,533333333.3333333,5.53,6.44,0.5546022981322277,6569243.462807819,200373.40272488788,246047272.9965304,P. ostreatus MG1010,0,0.57,NA,0.78,1.06,1.51,2.3,NA,3.27,3.27,0,0.65,3.27,0.06,0.21,TRUE,FALSE,5,6.8769405168384035,0.7687503117351193,2.585453484617349,0.33598017098307587
30,10,2,15.48,15.2,6.393650793650792,14285714.285714284,77232142.85714285,196428571.4285714,5.31,6.44,0.5546022981322277,6569243.462807819,200373.40272488788,246047272.9965304,P. ostreatus MG1010,0,0.94,NA,4.04,4.04,5.78,7.74,NA,8.96,8.99,0.82,1.89,8.9,0,0,FALSE,FALSE,5,6.8947564249131155,0.3373865667172584,2.585955849596761,-0.09781389740451019
31,11,2,15.549999999999999,14.790000000000001,6.414939759036146,12228260869.565216,148913043.47826087,15706521739.130434,8.75,6.44,0.5546022981322277,6569243.462807819,200373.40272488788,246047272.9965304,G. lucidum,0,1.02,NA,4.14,4.27,4.57,3.88,NA,3.71,3.61,0,3.52,3.74,57.23,527.225,TRUE,FALSE,4,6.925934264043859,3.269849271468245,2.871090501906176,1.805061462007174
32,11,2,15.71,15.23,6.383832335329341,0,0,0,5.89,6.44,0.5546022981322277,6569243.462807819,200373.40272488788,246047272.9965304,G. lucidum,0,0.78,NA,4.63,6.73,9.52,13.54,NA,39.54,49.4,0,2.98,31.75,0,0,FALSE,FALSE,5,6.997197896342703,-6.817515423669097,-5.301842240821106,-8.391018557767488
33,11,2,15.68,15.21,6.423346613545816,0,0,0,5.94,6.44,0.5546022981322277,6569243.462807819,200373.40272488788,246047272.9965304,G. lucidum,0,1.27,NA,8.26,10.79,13.461,17.57,NA,36.3,40.33,0,5.85,31.01,8.24,49.43,TRUE,FALSE,4,6.983835965286669,-6.817515423669097,-5.301842240821106,-8.391018557767488
34,12,2,15.570000000000002,14.72,6.197894736842105,117788461538.46153,16346153.846153846,375000000000,8.96,6.44,0.5546022981322277,6569243.462807819,200373.40272488788,246047272.9965304,S. fimicola F35,0,32.09,NA,60.24,60.24,60.24,60.24,NA,60.24,60.24,5.01,59.41,60.24,0,0,FALSE,TRUE,3,6.934842218081215,4.253587325736361,1.9115733678269908,3.183012709961389
35,12,2,15.530000000000001,14.850000000000001,5.9697,7027027027.027026,110360360.36036035,6756756756.756756,8.93,6.44,0.5546022981322277,6569243.462807819,200373.40272488788,246047272.9965304,S. fimicola F35,0,44.31,NA,60,60,60,60,NA,60,60,7.26,60,60,0,0,FALSE,TRUE,3,6.917026310006504,3.029256200296529,2.7409708730280276,1.4387197269018301
36,12,2,15.930000000000001,15.360000000000001,6.144000000000001,11712962962.962963,63425925.925925925,7083333333.333333,9,6.44,0.5546022981322277,6569243.462807819,200373.40272488788,246047272.9965304,S. fimicola F35,0,29.43,NA,59.95,59.95,59.95,59.95,NA,59.95,59.95,5.45,59.95,59.95,0,0,FALSE,TRUE,3,7.095185390753613,3.2511513463928674,2.5004245820316404,1.4592191219604924
37,13,2,15.61,14.870000000000001,6.287715430861725,14238095238.095238,146666666.66666666,83809523809.5238,8.68,6.44,0.5546022981322277,6569243.462807819,200373.40272488788,246047272.9965304,T. harzianum T22,0,2.5,NA,34.06,46.11,49.74,47.64,NA,47.23,47.23,1.41,23.82,47.23,0,0,FALSE,TRUE,2,6.952658126155925,3.335936469951915,2.8644891839065174,2.5322748153179244
38,13,2,15.4,14.799999999999999,6.191235059760953,14019607843.137255,143627450.98039216,20588235294.117645,8.92,6.44,0.5546022981322277,6569243.462807819,200373.40272488788,246047272.9965304,T. harzianum T22,0,1.99,NA,35.53,45.6,48.63,46.25,NA,45.73,45.73,1.33,22.22,45.73,0,0,FALSE,TRUE,2,6.859124608763693,3.329220442065025,2.855395215130862,1.9226005652256077
39,13,2,15.8,15.25,6.136094674556213,10384615384.615385,173076923.07692307,34065934065.934063,9.03,6.44,0.5546022981322277,6569243.462807819,200373.40272488788,246047272.9965304,T. harzianum T22,0,2.3,NA,33.24,46.88,49.02,46.29,NA,46.29,46.29,1.44,23.41,46.29,0,0,FALSE,TRUE,2,7.037283689510803,3.198874992560893,2.9363969274926767,2.14130174375844
43,15,3,15.670000000000002,14.760000000000002,6.872064777327937,1810344827.586207,63793103.448275864,74137931034.48276,8.72,6.04,0.552921234061585,6085053.92485975,2103578.729792322,62342902.512805425,ctrl,0,0,0,0,0,0,0,0,0,0,0,NA,NA,45.42,271.34000000000003,TRUE,FALSE,0,7.005724262254964,2.473496803138766,1.481814760035375,3.075253437097003
44,15,3,15.73,15.14,6.851232323232324,5000000000,909482758.6206897,21551724137.931034,8.97,6.04,0.552921234061585,6085053.92485975,2103578.729792322,62342902.512805425,ctrl,0,0,0,0,0,0,0,0,0,0,0,NA,NA,47.24,292.7,TRUE,FALSE,0,7.032548988211268,2.9147055018147467,2.635835493607768,2.5386949945397665
45,15,3,15.34,15.079999999999998,6.692307692307691,6083333333.333334,570833333.3333334,12833333333.333334,8.97,6.04,0.552921234061585,6085053.92485975,2103578.729792322,62342902.512805425,ctrl,0,0,0,0,0,0,0,0,0,0,0,NA,NA,46.29,291.615,TRUE,FALSE,0,6.858188269495286,2.999877111536091,2.4335503489290673,2.313552449897176
46,16,3,15.580000000000002,15.05,6.7855491329479785,313636.3636363636,2045454.5454545452,104545454.54545453,6.58,6.04,0.552921234061585,6085053.92485975,2103578.729792322,62342902.512805425,P. ostreatus MG1015,0,1.1,1.34,4.92,8.713,10.71,11.73,22.92,45.67,51.92,0,NA,NA,41.69,319.455,TRUE,FALSE,3,6.965487173320507,-1.2878367079882453,-0.01216893200171043,0.22451813442400326
47,16,3,15.420000000000002,15.129999999999999,6.762183673469386,425000,3166666.666666667,13333333.333333334,6.49,6.04,0.552921234061585,6085053.92485975,2103578.729792322,62342902.512805425,P. ostreatus MG1015,0,1.23,1.12,7.55,11.93,18.36,25.41,31.41,57.91,59.97,0,NA,NA,28.91,230.255,TRUE,FALSE,3,6.89395457077036,-1.155874550689652,0.177643510438247,-0.6698482557451193
48,16,3,15.34,15.129999999999999,6.438297872340426,339285.71428571426,1026785.7142857142,20089285.714285713,6.39,6.04,0.552921234061585,6085053.92485975,2103578.729792322,62342902.512805425,P. ostreatus MG1015,0,1.41,1.753,6.1,8.27,13.08,24.42,34.58,56.81,58.57,0,NA,NA,17.35,136.455,TRUE,FALSE,4,6.858188269495286,-1.253697648637547,-0.3114787366282572,-0.49182250786610915
49,17,3,15.55,15.21,6.531352941176471,142857.14285714284,314285.71428571426,123809523.8095238,6.54,6.04,0.552921234061585,6085053.92485975,2103578.729792322,62342902.512805425,P. ostreatus MG1010,0,1.13,1.33,4.81,8.97,16.1,22,25.52,48.31,52.15,0,NA,NA,33.94,263.52,TRUE,FALSE,4,6.952074810342354,-1.6293595025716545,-0.8256329546247123,0.29796703181915785
50,17,3,15.599999999999998,15.239999999999998,6.826561886051081,4857142857.142857,NA,219047619047.61905,8.92,6.04,0.552921234061585,6085053.92485975,2103578.729792322,62342902.512805425,P. ostreatus MG1010,0,0,0,0,0,0,0,0,0,0,0,NA,NA,42.38,282.15999999999997,TRUE,FALSE,0,6.974428748639273,2.902116374509281,NA,3.5457515120241334
51,17,3,15.62,15.31,6.700019801980199,4270833333.3333335,6562500,35833333333.333336,8.9,6.04,0.552921234061585,6085053.92485975,2103578.729792322,62342902.512805425,P. ostreatus MG1010,0,0,0,0,0,0,0,0,0,0,0,NA,NA,43.66,304.60999999999996,TRUE,FALSE,0,6.983370323958042,2.8462481211737254,0.49411040531567263,2.7595001846185783
52,18,3,15.6,14.909999999999998,6.720000000000001,23867924528.301884,12264150.943396226,10849056603.773584,9.01,6.04,0.552921234061585,6085053.92485975,2103578.729792322,62342902.512805425,G. lucidum,0,0,0,0,0,0,0,0,0,0,0,NA,NA,60.05,644.275,TRUE,FALSE,0,6.974428748639274,3.5935501533211136,0.7656785451772263,2.2406049502033687
53,18,3,15.830000000000002,15.379999999999999,7.037790927021694,7900000000,9100000,38000000000,8.71,6.04,0.552921234061585,6085053.92485975,2103578.729792322,62342902.512805425,G. lucidum,0,0,0,0,0,0,0,0,0,NA,0,NA,NA,53.245000000000005,234.7615,TRUE,FALSE,0,7.07725686480511,3.113362588737284,0.6360824627692168,2.7849965717027354
54,18,3,15.509999999999998,15.14,6.673359223300971,9696969696.969698,NA,35353535353.535355,8.97,6.04,0.552921234061585,6085053.92485975,2103578.729792322,62342902.512805425,G. lucidum,0,0,0,0,0,0,0,0,0,0,0,NA,NA,58.384,345.322,TRUE,FALSE,0,6.934191659704815,3.202371535878675,NA,2.7536458248395066
55,19,3,15.56,14.76,6.714135338345867,28557692307.692307,21634615.384615384,5288461538.461538,9.04,6.04,0.552921234061585,6085053.92485975,2103578.729792322,62342902.512805425,S. fimicola F35,0,46.57,60.27,60.27,60.27,60.27,60.27,60.27,60.27,60.27,7.43,NA,NA,0,0,FALSE,TRUE,3,6.956545598001737,3.6714586074255093,1.012190221610095,1.9285423253520806
56,19,3,15.65,14.910000000000002,6.280984251968505,30105263157.894737,28421052.63157895,48421052631.57895,9.02,6.04,0.552921234061585,6085053.92485975,2103578.729792322,62342902.512805425,S. fimicola F35,0,38.68,60.01,60.01,60.01,60.01,60.01,60.01,60.01,60.01,3.29,NA,NA,0,0,FALSE,TRUE,3,6.996782686936195,3.6943779252464912,1.1306811968743284,2.8902472014761917
57,19,3,15.4,14.87,6.342510204081632,27524752475.247524,4752475.247524752,12871287128.712872,9.01,6.04,0.552921234061585,6085053.92485975,2103578.729792322,62342902.512805425,S. fimicola F35,0,36.58,56.17,59.99,59.99,59.99,59.99,59.99,59.99,59.99,5.13,NA,NA,0,0,FALSE,TRUE,3,6.885012995451591,3.655458919543082,0.3539609776991899,2.314834953632432
58,20,3,15.5,15.010000000000002,6.70967244701349,11568627450.980392,43627450.98039216,84313725490.19608,8.98,6.04,0.552921234061585,6085053.92485975,2103578.729792322,62342902.512805425,T. harzianum T22,0,5.81,NA,54.12,54.36,54.31,54.21,NA,54.21,NA,1.71,41.3,54.21,27.525,88.8655,TRUE,FALSE,2,6.929720872045433,3.279017332973617,1.3168008718970867,3.131111254561298
59,20,3,15.520000000000001,15.090000000000002,6.505334645669293,3394495412.8440366,48623853.21100917,16605504587.155962,8.97,6.04,0.552921234061585,6085053.92485975,2103578.729792322,62342902.512805425,T. harzianum T22,0,1.87,6.63,40.01,48.02,49.3,49.3,49.3,49.3,49.3,0,NA,NA,5.97,54.975,TRUE,FALSE,2,6.938662447364202,2.746510723646181,1.3638904033153398,2.425465052029211
60,20,3,15.690000000000001,15.32,6.922593320235755,4000000000.0000005,82173913.04347827,5565217391.304348,8.84,6.04,0.552921234061585,6085053.92485975,2103578.729792322,62342902.512805425,T. harzianum T22,0,1.87,6.62,39.86,47.6,49.52,48.14,47.79,47.53,47.59,0.16,NA,NA,6.67,55.4,TRUE,FALSE,2,7.014665837573732,2.8177954888284047,1.5917749961641743,1.950695108782809
67,23,4,15.500000000000002,15.03,6.437430167597765,1397849462.3655913,37634408.60215054,1236559139.7849462,8.48,6.32,0.5879329102525421,17518404.96602888,6891484.824971454,48439914.96180221,ctrl,0,0,NA,0,0,0,0,NA,0,0,0,0,0,45.04900000000001,279.0565,TRUE,FALSE,0,6.387039891085598,1.9019658177368148,0.737272240142846,1.4070115111348125
68,23,4,15.520000000000001,15.180000000000001,6.424606299212599,7777777777.777778,29292929.29292929,12121212121.212122,8.94,6.32,0.5879329102525421,17518404.96602888,6891484.824971454,48439914.96180221,ctrl,0,0,NA,0,0,0,0,NA,0,0,0,0,0,37.39,222,TRUE,FALSE,0,6.395281232880547,2.647360944303995,0.6284499509340016,2.3983426704698276
69,23,4,15.64,15.400000000000002,6.621113243761997,0,477.0642201834862,0,5.41,6.32,0.5879329102525421,17518404.96602888,6891484.824971454,48439914.96180221,ctrl,0,0,NA,0,0,0,0,NA,0,0,0,0,0,0,0,FALSE,FALSE,0,6.444729283650242,-7.243494586326775,-4.158826626234099,-7.685203381016076
70,24,4,15.45,15.120000000000001,6.72,1596638.655462185,239495.79831932773,285714285.71428573,6.45,6.32,0.5879329102525421,17518404.96602888,6891484.824971454,48439914.96180221,P. ostreatus MG1015,0,1.35,NA,4.21,7.39,10.55,13.53,NA,31.2,37.28,0.86,2.66,27.1,16.19,83.965,TRUE,FALSE,5,6.366436536598224,-1.0402876747610703,-1.4590131552111831,0.7707285761536786
71,24,4,15.549999999999999,15.299999999999999,6.582217973231357,4009009.0090090088,139639.63963963962,243243243.24324322,7,6.32,0.5879329102525421,17518404.96602888,6891484.824971454,48439914.96180221,P. ostreatus MG1015,0,1.15,NA,5.34,8.68,13.64,34.54,NA,45.96,47.65,0.8,3.58,40.12,11.89,80.94500000000001,TRUE,FALSE,5,6.407643245572969,-0.6404574458028796,-1.6933010377119508,0.7008374061416864
72,24,4,15.59,15.54,6.334578313253011,6458333.333333334,454166.6666666667,350000000,6.27,6.32,0.5879329102525421,17518404.96602888,6891484.824971454,48439914.96180221,P. ostreatus MG1015,0,1.28,NA,5.28,8.37,12.86,16.8,NA,42.35,47.63,0.89,3.66,36.31,11.35,62.585,TRUE,FALSE,5,6.4241259291628685,-0.4333740626224971,-1.1810966547206236,0.8588646645750417
73,25,4,15.500000000000002,15.12,6.336842105263158,775862.0689655173,107758.62068965517,137931034.48275864,6.4,6.32,0.5879329102525421,17518404.96602888,6891484.824971454,48439914.96180221,P. ostreatus MG1010,0,1.11,NA,4.74,7.77,10.73,14.97,NA,35.25,41.21,0.69,2.8,30.79,12.73,71.095,TRUE,FALSE,5,6.387039891085598,-1.3537095063573972,-1.8058568131780897,0.45445861556156597
74,25,4,15.740000000000002,15.440000000000001,6.413070866141734,0,0,0,6.38,6.32,0.5879329102525421,17518404.96602888,6891484.824971454,48439914.96180221,P. ostreatus MG1010,0,1.02,NA,4.64,7.8,11.74,16.09,NA,33.5,36.77,0,2.87,30.97,12.05,81.915,TRUE,FALSE,5,6.485935992624988,-7.243494586326775,-6.838312867193319,-7.685203381016076
75,25,4,15.669999999999998,15.260000000000002,6.447054263565891,271929824.5614035,447368.42105263163,1666666666.6666667,6.43,6.32,0.5879329102525421,17518404.96602888,6891484.824971454,48439914.96180221,P. ostreatus MG1010,0,0.98,NA,3.85,6.86,9.22,11.73,NA,32.59,41.99,0,2.67,26.63,9.83,28.444999999999997,TRUE,FALSE,5,6.457091296342664,1.190962257768109,-1.18764657165704,1.5366453688608575
76,26,4,15.68,15.25,6.737672583826429,3736263736.2637362,34065934.06593406,89010989010.98901,8.73,6.32,0.5879329102525421,17518404.96602888,6891484.824971454,48439914.96180221,G. lucidum,0,0,NA,0,0,0,0,NA,0,0,0,0,0,31.87,151.775,TRUE,FALSE,0,6.461211967240139,2.3289429385106244,0.694007447068504,3.2642402455463584
77,26,4,15.580000000000002,15.27,6.496580516898608,0,346.15384615384613,0,5.47,6.32,0.5879329102525421,17518404.96602888,6891484.824971454,48439914.96180221,G. lucidum,0,0,NA,0,0,0,0,NA,0,0,0,0,0,0,0,FALSE,FALSE,0,6.420005258265395,-7.243494586326775,-4.29779088598001,-7.685203381016076
78,26,4,15.65,15.270000000000001,6.599244186046512,4152542372.8813562,32203389.830508478,56779661016.94916,8.84,6.32,0.5879329102525421,17518404.96602888,6891484.824971454,48439914.96180221,G. lucidum,0,0,NA,0,0,0,0,NA,0,0,0,0,0,38.15,192.55499999999998,TRUE,FALSE,0,6.448849954547716,2.374819486500198,0.6695887356033516,3.068989414386274
79,27,4,15.81,15.03,6.377270916334662,4793388429.752067,9504132.231404958,9090909090.909092,9.05,6.32,0.5879329102525421,17518404.96602888,6891484.824971454,48439914.96180221,S. fimicola F35,0,32.62,NA,59.1,59.1,59.1,59.1,NA,59.1,59.1,3.62,59.1,59.1,0,0,FALSE,TRUE,3,6.514780688907309,2.4371480370103145,0.13959964853917217,2.273403933873472
80,27,4,15.67,15.03,6.13224,3247863247.863248,6410256.410256411,1965811965.811966,8.99,6.32,0.5879329102525421,17518404.96602888,6891484.824971454,48439914.96180221,S. fimicola F35,0,42.48,NA,59.57,59.57,59.57,59.57,NA,59.57,59.57,3.33,59.57,59.57,0,0,FALSE,TRUE,3,6.457091296342665,2.26810314867759,-0.0314373977978466,1.6083385934762786
81,27,4,15.62,15.070000000000002,6.057262135922331,2347826086.956522,12173913.043478262,1565217391.304348,9,6.32,0.5879329102525421,17518404.96602888,6891484.824971454,48439914.96180221,S. fimicola F35,0,36.47,NA,59.56,59.56,59.56,59.56,NA,59.56,59.56,3.46,59.56,59.56,0,0,FALSE,TRUE,3,6.436487941855292,2.1271713376635786,0.24711736380549532,1.5093712840110838
82,28,4,15.63,15.049999999999999,6.347423664122137,13220338983.050848,19491525.423728816,97457627118.64407,9.05,6.32,0.5879329102525421,17518404.96602888,6891484.824971454,48439914.96180221,T. harzianum T22,0,2.08,NA,40.84,51.12,51.58,48.73,NA,49.22,49.22,0.68,29.21,49.22,2.57,21.685,TRUE,TRUE,2,6.440608612752767,2.8777480047544115,0.4515329837993427,3.3036124520358667
83,28,4,15.590000000000002,15.08,6.21284332688588,1250000000,12500000,708333333.3333334,9.04,6.32,0.5879329102525421,17518404.96602888,6891484.824971454,48439914.96180221,T. harzianum T22,0,2.11,NA,53.98,56.77,55.35,55.35,NA,55.35,55.35,0.89,35.91,55.35,0,0,FALSE,FALSE,2,6.4241259291628685,1.8534154270287173,0.2585971805582945,1.1650342992637137
84,28,4,15.53,15.299999999999999,6.425423728813558,2413793103.448276,22413793.10344828,102586206896.55173,9.04,6.32,0.5879329102525421,17518404.96602888,6891484.824971454,48439914.96180221,T. harzianum T22,0,2.12,NA,45.72,54.01,53.13,52.57,NA,51.53,50.33,0.76,32.29,52.32,0,0,FALSE,FALSE,2,6.3994019037780205,2.1392054559684484,0.5122025109267954,3.32588559115377
91,31,5,15.35,14.35,6.397708333333334,3305785123.9669423,2975206.611570248,3057851239.6694217,9.05,6.78,0.5738428252912672,22789540.66211443,2842106.8728409023,132500421.72437242,ctrl,0,0,0,0,0,0,0,NA,NA,0,0,NA,NA,73.648,396.143,TRUE,FALSE,0,6.541512631779049,2.1615390303028432,0.019876718773396362,1.3631990900607303
92,31,5,15.290000000000001,14.88,6.373023255813954,5040650406.5040655,691056.9105691056,4065040650.406504,9.1,6.78,0.5738428252912672,22789540.66211443,2842106.8728409023,132500421.72437242,ctrl,0,0,0,0,0,0,0,NA,NA,0,0,NA,NA,65.92099999999999,445.1645,TRUE,FALSE,0,6.515943201296525,2.3447509873049723,-0.614126114924515,1.486847629171617
93,31,5,15.690000000000001,15.45,6.747924901185769,6611570247.933885,1446280.9917355373,15454545454.545456,8.88,6.78,0.5738428252912672,22789540.66211443,2842106.8728409023,132500421.72437242,ctrl,0,0,0,0,0,0,0,NA,NA,0,0,NA,NA,48.22,248.898,TRUE,FALSE,0,6.686406071180018,2.4625690259011384,-0.29338757899526335,2.06683897241631
94,32,5,15.489999999999998,14.29,6.518245614035089,6480000,20000,24800000,6.31,6.78,0.5738428252912672,22789540.66211443,2842106.8728409023,132500421.72437242,P. ostreatus MG1015,0,1.79,2.12,8.39,11.01,21.76,30.48,NA,NA,59.53,0.86,NA,NA,33.202,164.433,TRUE,FALSE,3,6.60117463623827,-0.5461605179487012,-2.1525888478033908,-0.7277655654937503
95,32,5,15.58,15.290000000000001,6.387693761814745,5614035.087719299,92105.26315789475,14912280.701754387,6.26,6.78,0.5738428252912672,22789540.66211443,2842106.8728409023,132500421.72437242,P. ostreatus MG1015,0,2.1,2.65,18.06,29.56,47.71,55.38,NA,NA,59.74,0.85,NA,NA,19.605,90.187,TRUE,FALSE,3,6.639528781962057,-0.6084603908339306,-1.4893513947435162,-0.9486731646667632
96,32,5,15.439999999999998,15.219999999999999,6.331757812499999,8205128.205128206,252136.75213675215,28205128.205128208,6.12,6.78,0.5738428252912672,22789540.66211443,2842106.8728409023,132500421.72437242,P. ostreatus MG1015,0,1.95,2.41,7.43,10.91,20.66,34.04,NA,NA,60.15,0.84,NA,NA,28.101,170.349,TRUE,FALSE,3,6.579866777502834,-0.4436501666169992,-1.0520026809639509,-0.6718891703024017
97,33,5,15.609999999999998,14.729999999999999,6.411882352941174,15254237.288135594,97457.62711864407,21186440.677966103,6.16,6.78,0.5738428252912672,22789540.66211443,2842106.8728409023,132500421.72437242,P. ostreatus MG1010,0,1.27,1.54,7.09,22.36,23.17,32.86,NA,NA,60.6,0,NA,NA,38.656,215.627,TRUE,FALSE,3,6.652313497203318,-0.1743450645724467,-1.464820268384961,-0.7961592419672296
98,33,5,15.55,15.2,6.431936127744512,719298245.6140351,65789.47368421053,9736842105.263159,7.26,6.78,0.5738428252912672,22789540.66211443,2842106.8728409023,132500421.72437242,P. ostreatus MG1010,0,1.11,1.65,5.1,6.621,8.976,10.55,NA,NA,14.94,0,NA,NA,48.53,286.43,TRUE,FALSE,4,6.6267440667207955,1.4991734108109762,-1.6354775443674336,1.8662008636629466
99,33,5,15.540000000000001,15.06,6.243054545454545,8859649.122807018,149122.80701754388,28070175.438596494,6.23,6.78,0.5738428252912672,22789540.66211443,2842106.8728409023,132500421.72437242,P. ostreatus MG1010,0,1.52,2.14,19.39,42.78,44.49,50.08,NA,NA,54.97,0,NA,NA,20.491,108.715,TRUE,FALSE,4,6.622482494973709,-0.4103190193744979,-1.2800935752888787,-0.673972121376667
100,34,5,15.479999999999999,15.139999999999999,6.47309481216458,5147.058823529412,0,7009.803921568628,5.56,6.78,0.5738428252912672,22789540.66211443,2842106.8728409023,132500421.72437242,G. lucidum,0,1.57,2.87,11.94,15.505,20.82,26.31,NA,NA,46.58,0,NA,NA,14.568000000000001,109.9285,TRUE,FALSE,4,6.596913064491184,-3.6460920901779583,-6.453640557648617,-4.2764494429147275
101,34,5,15.339999999999998,15.089999999999998,6.399277777777777,5726495726.495727,102564102.56410258,20170940170.94017,8.73,6.78,0.5738428252912672,22789540.66211443,2842106.8728409023,132500421.72437242,G. lucidum,0,0,0,0,0,0,0,NA,NA,0,0,NA,NA,59.284,375.415,TRUE,FALSE,0,6.537251060031961,2.400153350190462,1.557354830887217,2.1825088774136354
102,34,5,15.56,15.33,6.331956521739131,1935483870.967742,1370967.7419354839,2177419354.83871,7.06,6.78,0.5738428252912672,22789540.66211443,2842106.8728409023,132500421.72437242,G. lucidum,0,1.46,2.69,11.73,14.68,19.09,21.82,NA,NA,33.94,0,NA,NA,33.503,199.38250000000002,TRUE,FALSE,4,6.631005638467883,1.929053965933714,-0.3166130046531892,1.215724815364366
103,35,5,15.54,14.599999999999998,6.233076923076925,7560975609.756098,6910569.105691057,7479674796.747968,9.05,6.78,0.5738428252912672,22789540.66211443,2842106.8728409023,132500421.72437242,S. fimicola F35,0,34.48,59.67,59.67,59.67,59.67,59.67,NA,NA,59.67,2.32,NA,NA,0,0,FALSE,TRUE,3,6.622482494973708,2.5208422463319335,0.38587331947123893,1.7516654521323805
104,35,5,15.409999999999998,14.92,6.0892069632495165,6774193548.387096,64516129.03225806,11048387096.774193,9.1,6.78,0.5738428252912672,22789540.66211443,2842106.8728409023,132500421.72437242,S. fimicola F35,0,39.88,60.15,60.15,60.15,60.15,60.15,NA,NA,60.15,4.39,NA,NA,0,0,FALSE,TRUE,3,6.567082062261572,2.4731220101237144,1.3560277509126557,1.9210816182016384
105,35,5,15.56,15.13,6.1985102420856615,7983870967.741936,2177419.35483871,13145161290.32258,9.09,6.78,0.5738428252912672,22789540.66211443,2842106.8728409023,132500421.72437242,S. fimicola F35,0,40.42,59.06,59.06,59.06,59.06,59.06,NA,NA,59.06,3.91,NA,NA,0,0,FALSE,TRUE,3,6.631005638467883,2.544477918649668,-0.11569827919814824,1.9965486554429202
106,36,5,15.519999999999998,15.08,6.437312252964427,13119266055.04587,1559633.0275229358,10642201834.862385,9.04,6.78,0.5738428252912672,22789540.66211443,2842106.8728409023,132500421.72437242,T. harzianum T22,0,4.5,12.05,52.31,54.64,53.57,52.76,NA,NA,46.56,1.45,NA,NA,3.37,27.66,FALSE,TRUE,2,6.613959351479532,2.7601739487174983,-0.2606178557516534,1.9048142274952635
107,36,5,15.599999999999998,15.3,6.125751879699248,10648148148.148148,648148.1481481481,9629629629.62963,9.03,6.78,0.5738428252912672,22789540.66211443,2842106.8728409023,132500421.72437242,T. harzianum T22,0,3.53,9.86,49.32,48.99,47.89,45.6,NA,NA,40.65,1.08,NA,NA,12.52,88.5,FALSE,TRUE,2,6.648051925456231,2.669538494067406,-0.6419656030674838,1.8613923200250895
108,36,5,15.589999999999998,15.35,6.346903460837886,12017543859.649124,78947368.42105263,10087719298.245615,9.03,6.78,0.5738428252912672,22789540.66211443,2842106.8728409023,132500421.72437242,T. harzianum T22,0,5.07,12.87,49.09,46.83,47.13,46.25,NA,NA,43.39,1.34,NA,NA,14.369,123.19250000000001,TRUE,TRUE,2,6.643790353709144,2.7220801250160305,1.443697105955299,1.88157572522835
112,38,6,15.4,14.58,6.766252427184466,45.04504504504504,23423.42342342342,17117117.117117114,9.12,6.72,0.551604890718902,31142006.142006144,12275422.989708705,80098472.95561582,ctrl,0,0,NA,0,0,0,NA,NA,0,0,0,0,NA,60.26,458.26,FALSE,FALSE,0,6.90528468292891,-5.830163697797827,-2.71936759164187,-0.6701935944016997
113,38,6,15.420000000000002,14.75,6.616019417475728,5504.587155963302,19266.05504587156,25688073.394495413,9.05,6.72,0.551604890718902,31142006.142006144,12275422.989708705,80098472.95561582,ctrl,0,0,NA,0,0,0,NA,NA,0,0,0,0,NA,57.47,352.385,TRUE,FALSE,0,6.914252585114532,-3.752542957858102,-2.804221163303934,-0.49389269163175165
114,38,6,15.53,15.049999999999999,6.5266336633663355,194915254.23728815,93220.33898305085,42796610.16949153,9.14,6.72,0.551604890718902,31142006.142006144,12275422.989708705,80098472.95561582,ctrl,0,0,NA,0,0,0,NA,NA,0,0,0,0,NA,59.795,501.4125,TRUE,FALSE,0,6.963576047135453,0.79649923097318,-2.1195211648414496,-0.27221486097940417
115,39,6,15.74,15.13,6.547485380116959,10000000,90476.19047619047,11428571.428571427,9.07,6.72,0.551604890718902,31142006.142006144,12275422.989708705,80098472.95561582,P. ostreatus MG1015,0,0.93,NA,1.94,1.74,1.75,NA,NA,1.72,1.73,0,1.98,NA,57.79,576.015,TRUE,FALSE,4,7.057739020084483,-0.49334655653696124,-2.1324973951746244,-0.845632256961359
116,39,6,15.499999999999998,15.1,6.336078431372546,31372.549019607843,78431.37254901961,16666666.666666666,9.12,6.72,0.551604890718902,31142006.142006144,12275422.989708705,80098472.95561582,P. ostreatus MG1015,0,1.36,NA,3.63,3.64,3.21,NA,NA,3.05,2.86,0.94,3.94,NA,57.11,560.585,TRUE,FALSE,4,6.950124193857019,-2.9967829504924284,-2.194541149014542,-0.6817754662657869
117,39,6,15.55,15.09,6.317440476190477,334782.6086956522,313043.47826086957,1104347826.0869565,9.08,6.72,0.551604890718902,31142006.142006144,12275422.989708705,80098472.95561582,P. ostreatus MG1015,0,1.392,NA,3.16,2.71,2.59,NA,NA,2.28,2.44,0.88,3.6,NA,57.16,583.22,TRUE,FALSE,4,6.972543949321075,-1.9685824135701981,-1.5934304537228572,1.1394816390557931
118,40,6,15.370000000000001,14.68,6.340389105058366,509708.7378640777,116504.85436893204,800970873.7864077,9.13,6.72,0.551604890718902,31142006.142006144,12275422.989708705,80098472.95561582,P. ostreatus MG1010,0,1.07,NA,2.58,2.16,1.96,NA,NA,1.93,1.93,0.86,2.87,NA,57.83,588.995,TRUE,FALSE,4,6.891832829650477,-1.786023669222046,-2.0226887524431545,0.9999924824471513
119,40,6,15.450000000000001,15.03,6.333029126213592,NA,772727.2727272727,913636363.6363635,9.11,6.72,0.551604890718902,31142006.142006144,12275422.989708705,80098472.95561582,P. ostreatus MG1010,0,1.01,NA,2.46,1.77,1.81,NA,NA,1.58,1.67,0.86,2.66,NA,58.13,590.375,TRUE,FALSE,5,6.927704438392965,NA,-1.2010096988800552,1.0571491351338196
120,40,6,15.299999999999999,14.569999999999999,6.327211155378484,216346.15384615384,149038.46153846153,9134615.384615384,9.13,6.72,0.551604890718902,31142006.142006144,12275422.989708705,80098472.95561582,P. ostreatus MG1010,0,1.17,NA,2.57,2.27,2.07,NA,NA,2.03,1.94,0.93,2.57,NA,57.89,594.105,TRUE,FALSE,4,6.8604451720008,-2.1581954137528587,-1.915735228626298,-0.942933928405929
121,41,6,15.370000000000001,14.530000000000001,6.451544401544401,417475.7281553398,208737.8640776699,1165048.5436893203,9.01,6.72,0.551604890718902,31142006.142006144,12275422.989708705,80098472.95561582,G. lucidum,0,1.17,NA,2.97,2.86,2.76,NA,NA,2.77,2.73,0.94,3.3,NA,60.05,593.015,TRUE,FALSE,4,6.891832829650477,-1.872714328806456,-1.7694331856848988,-1.8372798478280883
122,41,6,15.56,15.1,6.450485436893204,79439.2523364486,126168.22429906542,10794392.523364486,9.05,6.72,0.551604890718902,31142006.142006144,12275422.989708705,80098472.95561582,G. lucidum,0,0.82,NA,3.01,2.87,2.74,NA,NA,2.68,2.59,0.19,3.53,NA,57.31,590.635,TRUE,FALSE,4,6.977027900413886,-2.593305984970608,-1.9880830684818633,-0.8704259951635178
123,41,6,15.67,15.389999999999999,6.544485436893204,1521052.6315789474,22105.263157894737,7105263.157894737,9.12,6.72,0.551604890718902,31142006.142006144,12275422.989708705,80098472.95561582,G. lucidum,0,1.38,NA,4.46,4.38,4.1,NA,NA,3.97,3.89,1.09,4.94,NA,56.11,566.215,TRUE,FALSE,4,7.026351362434807,-1.3112020726404578,-2.7445211658080826,-1.0520440132747115
124,42,6,15.679999999999998,14.609999999999998,6.353390804597701,4196428571.428571,58035714.28571428,11964285714.285713,9.17,6.72,0.551604890718902,31142006.142006144,12275422.989708705,80098472.95561582,S. fimicola F35,0,25.65,NA,59.32,59.31,59.21,NA,NA,59.31,59.31,4.13,59.32,NA,1.13,9.75,TRUE,FALSE,3,7.030835313527616,2.1295332354026195,0.6746588399919897,2.174262533791115
125,42,6,15.36,14.91,6.382037383177569,4035087719.298246,978070.1754385965,5701754385.964912,9.2,6.72,0.551604890718902,31142006.142006144,12275422.989708705,80098472.95561582,S. fimicola F35,0,26.84,NA,59.08,58.95,59.09,NA,NA,59.13,59.03,3.99,59.07,NA,0.5,5.165,TRUE,TRUE,3,6.887348878557666,2.112506380486324,-1.0986660413844058,1.8523842634427403
126,42,6,15.530000000000001,15.129999999999999,6.32760223048327,5392156862.745098,544117647.0588235,4117647058.8235292,9.08,6.72,0.551604890718902,31142006.142006144,12275422.989708705,80098472.95561582,S. fimicola F35,0,27.47,NA,59.36,59.36,59.36,NA,NA,59.36,59.36,4.59,59.36,NA,0.23,2.24,TRUE,TRUE,3,6.9635760471354535,2.238415917846461,1.6466563106950094,1.711024876801643
127,43,6,15.52,14.989999999999998,6.40793893129771,1142857142.857143,57142857.14285714,333333333.3333333,9.16,6.72,0.551604890718902,31142006.142006144,12275422.989708705,80098472.95561582,T. harzianum T22,0,2.38,NA,17.59,16.16,16.46,NA,NA,16.32,16.41,1.15,18.6,NA,44.87,451.435,TRUE,FALSE,2,6.9590920960426415,1.564645347391287,0.6679254574499467,0.6192545046434095
128,43,6,15.339999999999998,15.01,6.449841584158417,607476635.5140187,60747663.55140187,780373831.7757009,9.06,6.72,0.551604890718902,31142006.142006144,12275422.989708705,80098472.95561582,T. harzianum T22,0,2.21,NA,16.69,16.69,16.54,NA,NA,16.32,16.43,1.01,17.58,NA,45.7,460.4200000000001,TRUE,FALSE,2,6.878380976372044,1.290182979706155,0.6944930846428887,0.9886784564151032
129,43,6,15.509999999999998,15.259999999999998,6.325854616895873,630630630.6306306,76576576.57657658,342342342.3423423,9.13,6.72,0.551604890718902,31142006.142006144,12275422.989708705,80098472.95561582,T. harzianum T22,0,1.95,NA,16.65,16.46,16.23,NA,NA,15.88,14.35,0.97,17.1,NA,47.96,470.17,TRUE,FALSE,2,6.95460814494983,1.3064284619498592,0.7950594511350983,0.6308363771589391
